[
  {
    "name": "Dendairy",
    "address": "956 Clyde Road, Kwekwe, Midlands Province",
    "phone": "+263 55 22008",
    "website": "https://dendairy.co.zw",
    "image": "dendairy.svg",
    "membership": 3,
    "notes": "Dairy products: UHT milk, yogurt, ice cream & juices."
  },
  {
    "name": "Putcon Import Export Services",
    "address": "36 Triangle Estates, Kwekwe, Midlands Province",
    "phone": "+263 73 333 7767",
    "website": "https://putcon.co.zw",
    "image": "importexport.jpeg",
    "membership": 2,
    "notes": "Mining & forest resources, agricultural products."
  },
  {
    "name": "Arco-Tech",
    "address": "Plot 8, Old Steel Works Road, Chicago, Kwekwe",
    "phone": "0788 358 970",
    "website": "https://arco-tech..com",
    "image": "tech.svg",
    "membership": 1,
    "notes": "Electrical / technological solutions and repair services."
  },
  {
    "name": "Miet Engineering",
    "address": "2812 Edison Crescent, Light Industrial Sites, Kwekwe",
    "phone": "+263 77 996 9220",
    "website": "https://mietengineering.co.zw",
    "image": "engineering.svg",
    "membership": 3,
    "notes": "Industrial engineering and manufacturing services."
  },
  {
    "name": "Biznetwork Communication Systems",
    "address": "Shop 9b, Third Street, Kwekwe",
    "phone": "055-25386",
    "website": "https://biznetwork.org",
    "image": "communications.svg",
    "membership": 2,
    "notes": "Communications systems and networking services."
  },
  {
    "name": "Bluebean Technologies",
    "address": "Kwekwe, Midlands Province",
    "phone": "+263 …",
    "website": "https://bluebeantech.co.zw",
    "image": "bluebean.svg",
    "membership": 3,
    "notes": "Software development, web design & innovation."
  },
  {
    "name": "Tans Electrical Solutions",
    "address": "51 Ranchod Industrial Road, Kwekwe",
    "phone": "0776 893 780",
    "website": "https://tanselectrical.com",
    "image": "electrical.svg",
    "membership": 1,
    "notes": "Electrical supply & installation services."
  }
]